{"assets/images/error.png":["assets/images/error.png"],"assets/images/face.gif":["assets/images/face.gif"],"assets/images/go.png":["assets/images/go.png"],"assets/images/hawu.gif":["assets/images/hawu.gif"],"assets/images/ladu.gif":["assets/images/ladu.gif"],"assets/images/loading.png":["assets/images/loading.png"],"assets/images/location.png":["assets/images/location.png"],"assets/images/log.png":["assets/images/log.png"],"assets/images/logo.png":["assets/images/logo.png"],"assets/images/loo.png":["assets/images/loo.png"],"assets/images/ma.gif":["assets/images/ma.gif"],"assets/images/marker.png":["assets/images/marker.png"],"assets/images/off.gif":["assets/images/off.gif"],"assets/images/pop.jpg":["assets/images/pop.jpg"],"assets/images/ty.jpg":["assets/images/ty.jpg"],"assets/images/videogif.gif":["assets/images/videogif.gif"],"assets/images/ye.gif":["assets/images/ye.gif"],"assets/images/yes.jpeg":["assets/images/yes.jpeg"],"assets/svg/arrow.svg":["assets/svg/arrow.svg"],"assets/svg/bathroom.svg":["assets/svg/bathroom.svg"],"assets/svg/bedroom.svg":["assets/svg/bedroom.svg"],"assets/svg/chat.svg":["assets/svg/chat.svg"],"assets/svg/heart.svg":["assets/svg/heart.svg"],"assets/svg/home.svg":["assets/svg/home.svg"],"assets/svg/home_mark.svg":["assets/svg/home_mark.svg"],"assets/svg/home_search.svg":["assets/svg/home_search.svg"],"assets/svg/kitchen.svg":["assets/svg/kitchen.svg"],"assets/svg/mark.svg":["assets/svg/mark.svg"],"assets/svg/menu.svg":["assets/svg/menu.svg"],"assets/svg/notification.svg":["assets/svg/notification.svg"],"assets/svg/parking.svg":["assets/svg/parking.svg"],"assets/svg/search.svg":["assets/svg/search.svg"],"packages/cupertino_icons/assets/CupertinoIcons.ttf":["packages/cupertino_icons/assets/CupertinoIcons.ttf"],"packages/flutter_inappwebview/assets/t_rex_runner/t-rex.css":["packages/flutter_inappwebview/assets/t_rex_runner/t-rex.css"],"packages/flutter_inappwebview/assets/t_rex_runner/t-rex.html":["packages/flutter_inappwebview/assets/t_rex_runner/t-rex.html"],"packages/flutter_neumorphic_null_safety/fonts/NeumorphicIcons.ttf":["packages/flutter_neumorphic_null_safety/fonts/NeumorphicIcons.ttf"],"packages/getwidget/icons/dribble.png":["packages/getwidget/icons/dribble.png"],"packages/getwidget/icons/facebook.png":["packages/getwidget/icons/facebook.png"],"packages/getwidget/icons/google.png":["packages/getwidget/icons/google.png"],"packages/getwidget/icons/line.png":["packages/getwidget/icons/line.png"],"packages/getwidget/icons/linkedin.png":["packages/getwidget/icons/linkedin.png"],"packages/getwidget/icons/pinterest.png":["packages/getwidget/icons/pinterest.png"],"packages/getwidget/icons/slack.png":["packages/getwidget/icons/slack.png"],"packages/getwidget/icons/twitter.png":["packages/getwidget/icons/twitter.png"],"packages/getwidget/icons/wechat.png":["packages/getwidget/icons/wechat.png"],"packages/getwidget/icons/whatsapp.png":["packages/getwidget/icons/whatsapp.png"],"packages/getwidget/icons/youtube.png":["packages/getwidget/icons/youtube.png"],"packages/iconly/fonts/IconlyBold.ttf":["packages/iconly/fonts/IconlyBold.ttf"],"packages/iconly/fonts/IconlyBroken.ttf":["packages/iconly/fonts/IconlyBroken.ttf"],"packages/iconly/fonts/IconlyLight.ttf":["packages/iconly/fonts/IconlyLight.ttf"],"packages/youtube_player_flutter/assets/speedometer.webp":["packages/youtube_player_flutter/assets/speedometer.webp"]}