{"packages/cupertino_icons/assets/CupertinoIcons.ttf":["packages/cupertino_icons/assets/CupertinoIcons.ttf"],"packages/flutter_inappwebview/assets/t_rex_runner/t-rex.css":["packages/flutter_inappwebview/assets/t_rex_runner/t-rex.css"],"packages/flutter_inappwebview/assets/t_rex_runner/t-rex.html":["packages/flutter_inappwebview/assets/t_rex_runner/t-rex.html"],"packages/flutter_neumorphic_null_safety/fonts/NeumorphicIcons.ttf":["packages/flutter_neumorphic_null_safety/fonts/NeumorphicIcons.ttf"],"packages/getwidget/icons/dribble.png":["packages/getwidget/icons/dribble.png"],"packages/getwidget/icons/facebook.png":["packages/getwidget/icons/facebook.png"],"packages/getwidget/icons/google.png":["packages/getwidget/icons/google.png"],"packages/getwidget/icons/line.png":["packages/getwidget/icons/line.png"],"packages/getwidget/icons/linkedin.png":["packages/getwidget/icons/linkedin.png"],"packages/getwidget/icons/pinterest.png":["packages/getwidget/icons/pinterest.png"],"packages/getwidget/icons/slack.png":["packages/getwidget/icons/slack.png"],"packages/getwidget/icons/twitter.png":["packages/getwidget/icons/twitter.png"],"packages/getwidget/icons/wechat.png":["packages/getwidget/icons/wechat.png"],"packages/getwidget/icons/whatsapp.png":["packages/getwidget/icons/whatsapp.png"],"packages/getwidget/icons/youtube.png":["packages/getwidget/icons/youtube.png"],"packages/iconly/fonts/IconlyBold.ttf":["packages/iconly/fonts/IconlyBold.ttf"],"packages/iconly/fonts/IconlyBroken.ttf":["packages/iconly/fonts/IconlyBroken.ttf"],"packages/iconly/fonts/IconlyLight.ttf":["packages/iconly/fonts/IconlyLight.ttf"],"packages/youtube_player_flutter/assets/speedometer.webp":["packages/youtube_player_flutter/assets/speedometer.webp"]}