[{"family":"MaterialIcons","fonts":[{"asset":"fonts/MaterialIcons-Regular.otf"}]},{"family":"packages/cupertino_icons/CupertinoIcons","fonts":[{"asset":"packages/cupertino_icons/assets/CupertinoIcons.ttf"}]},{"family":"packages/flutter_neumorphic_null_safety/NeumorphicIcons","fonts":[{"asset":"packages/flutter_neumorphic_null_safety/fonts/NeumorphicIcons.ttf"}]},{"family":"packages/iconly/IconlyBold","fonts":[{"asset":"packages/iconly/fonts/IconlyBold.ttf"}]},{"family":"packages/iconly/IconlyBroken","fonts":[{"asset":"packages/iconly/fonts/IconlyBroken.ttf"}]},{"family":"packages/iconly/IconlyLight","fonts":[{"asset":"packages/iconly/fonts/IconlyLight.ttf"}]}]